Workbook

Sheet Ringkasan
A1: Test Plan – E2E Test Automation Website BAZNAS (baznas.go.id)
A3: Aplikasi yang diuji | B3: Website publik BAZNAS RI – https://baznas.go.id (termasuk form pembayaran di https://bayarzakat.baznas.go.id)
A4: Tools | B4: Cypress (TypeScript), Page Object Model, Mochawesome report, cypress-axe, @cypress/grep, GitHub Actions
A5: Lingkungan | B5: Production (publik). Browser: Chrome (utama), Edge, Firefox. Viewport: desktop 1440x900, tablet 768x1024, mobile 375x812
A6: Disusun oleh | B6: Revan – QA Automation Engineer
A7: Repository | B7: baznas-web-e2e (Cypress) – kolom Spec File menunjuk ke file test terkait
A8: Tanggal eksplorasi | B8: 27 Oktober 2026
A9: Versi dokumen | B9: v1.0
A11: Tujuan
B12: • Menyediakan regression test otomatis untuk halaman publik, navigasi, konten, kalkulator zakat dan alur form pembayaran ZIS.
B13: • Mendeteksi lebih awal broken link, perubahan konten penting (rekening, nisab, tarif fidyah) dan regresi fungsi setelah deployment.
B14: • Dijalankan terjadwal (harian) melalui CI sebagai monitoring kualitas website.
A16: Dalam cakupan
B17: • Fungsional UI: homepage, menu, bottom nav, footer, multi-bahasa, halaman konten & laporan.
B18: • Logika bisnis: kalkulator zakat (nisab & 2,5%), perhitungan fidyah otomatis.
B19: • Validasi form (negative test) pada form bayar zakat, jemput zakat dan newsletter – tanpa mengirim data.
B20: • Non-fungsional ringan: broken link, SEO metadata, aksesibilitas dasar, waktu muat, responsive.
A22: Di luar cakupan
B23: • Transaksi pembayaran nyata – alur berhenti sebelum metode pembayaran diproses; request transaksi diblokir dengan cy.intercept().
B24: • Submit form yang menyimpan data ke server (jemput zakat, newsletter, konfirmasi) dan penyelesaian captcha.
B25: • Load / stress / security testing.
B26: • Konten & fungsi situs pihak ketiga (PPID, bazn.as, media sosial) – hanya dicek ketersediaan link-nya.
A28: Strategi & aturan eksekusi
B29: • Data uji memakai data dummy di folder fixtures; tidak memakai data pribadi asli.
B30: • Nilai yang bisa berubah (nisab, tarif fidyah, daftar rekening, metode pembayaran) disimpan di fixture agar mudah diperbarui.
B31: • Domain bayarzakat.baznas.go.id diuji dengan cy.origin() (cross-origin).
B32: • Frekuensi eksekusi dibatasi (on-push & 1x sehari) dan request link-check diberi jeda agar tidak membebani server.
B33: • Tag: @smoke (cek cepat), @regression (lengkap), @a11y, @perf – dijalankan selektif dengan @cypress/grep.
A35: Ringkasan jumlah
A36: Total modul | B36: =COUNTA('Modul & Cakupan'!A:A)-1
A37: Total test scenario | B37: =COUNTA('Test Scenario'!A:A)-1
A38: Total test case | B38: =COUNTA('Test Case'!A:A)-1
A39: Prioritas P1 | B39: =COUNTIF('Test Case'!I:I,"P1")
A40: Prioritas P2 | B40: =COUNTIF('Test Case'!I:I,"P2")
A41: Prioritas P3 | B41: =COUNTIF('Test Case'!I:I,"P3")
A42: Positive | B42: =COUNTIF('Test Case'!H:H,"Positive")
A43: Negative | B43: =COUNTIF('Test Case'!H:H,"Negative")
A44: Boundary | B44: =COUNTIF('Test Case'!H:H,"Boundary")
A45: Tag @smoke | B45: =COUNTIF('Test Case'!J:J,"*@smoke*")
A46: Tag @known-bug | B46: =COUNTIF('Test Case'!J:J,"*@known-bug*")
A47: Fase 1 (sudah diotomasi) | B47: =COUNTIF('Test Case'!P:P,"Fase 1")
A48: Automated | B48: =COUNTIF('Test Case'!K:K,"Automated")
A49: Partial | B49: =COUNTIF('Test Case'!K:K,"Partial")
A50: Status Pass | B50: =COUNTIF('Test Case'!M:M,"Pass")
A51: Status Fail | B51: =COUNTIF('Test Case'!M:M,"Fail")
A52: Status Not Run | B52: =COUNTIF('Test Case'!M:M,"Not Run")
A53: Temuan eksplorasi | B53: =COUNTA('Temuan Eksplorasi'!A:A)-1
A55: Legenda
A56: P1 / P2 / P3 | B56: P1 = kritikal (alur donasi & smoke), P2 = penting, P3 = pelengkap
A57: Automated / Partial | B57: Partial = sebagian asersi butuh verifikasi visual/manual (mis. konten dinamis, terjemahan)
A58: @known-bug | B58: Test untuk bug yang sudah ditemukan (lihat sheet Temuan Eksplorasi). Dikecualikan dari run default, dijalankan dengan npm run test:known-bug.
A59: Kolom Status | B59: Satu-satunya kolom yang diisi saat eksekusi: Not Run / Pass / Fail / Blocked / Skipped. Catatan hasil di kolom 'Catatan'.
A60: Contoh baris | B60: Lihat TC-CALC-003: gaji 10.000.000 -> zakat Rp 250.000

Sheet Modul & Cakupan
A1: Kode | B1: Modul | C1: Halaman / Area | D1: Spec File | E1: Jml Scenario | F1: Jml Test Case
A2: HOME | B2: Homepage | C2: / | D2: cypress/e2e/home.cy.ts | E2: =COUNTIF('Test Scenario'!B:B,A2) | F2: =COUNTIF('Test Case'!C:C,A2)
A3: NAV | B3: Header & Menu Navigasi | C3: Header, menu hamburger | D3: cypress/e2e/navigation.cy.ts | E3: =COUNTIF('Test Scenario'!B:B,A3) | F3: =COUNTIF('Test Case'!C:C,A3)
A4: BNAV | B4: Bottom Navigation (Quick Menu) | C4: Bar bawah: PPID, Layanan Mustahik, Bayar Zakat, Konfirmasi, Transfer Zakat | D4: cypress/e2e/bottom-nav.cy.ts | E4: =COUNTIF('Test Scenario'!B:B,A4) | F4: =COUNTIF('Test Case'!C:C,A4)
A5: FTR | B5: Footer | C5: Footer seluruh halaman | D5: cypress/e2e/footer.cy.ts | E5: =COUNTIF('Test Scenario'!B:B,A5) | F5: =COUNTIF('Test Case'!C:C,A5)
A6: I18N | B6: Multi-bahasa | C6: Language switcher ID / EN / AR | D6: cypress/e2e/i18n.cy.ts | E6: =COUNTIF('Test Scenario'!B:B,A6) | F6: =COUNTIF('Test Case'!C:C,A6)
A7: CALC | B7: Kalkulator Zakat | C7: /kalkulatorzakat | D7: cypress/e2e/kalkulator-zakat.cy.ts | E7: =COUNTIF('Test Scenario'!B:B,A7) | F7: =COUNTIF('Test Case'!C:C,A7)
A8: PAY | B8: Form Bayar Zakat Online | C8: /bayarzakat -> bayarzakat.baznas.go.id | D8: cypress/e2e/bayar-zakat.cy.ts | E8: =COUNTIF('Test Scenario'!B:B,A8) | F8: =COUNTIF('Test Case'!C:C,A8)
A9: JMP | B9: Form Jemput Zakat | C9: /form-jemput-zakat | D9: cypress/e2e/jemput-zakat.cy.ts | E9: =COUNTIF('Test Scenario'!B:B,A9) | F9: =COUNTIF('Test Case'!C:C,A9)
A10: KONF | B10: Konfirmasi ZIS | C10: /konfirmasi-zis | D10: cypress/e2e/konfirmasi-zis.cy.ts | E10: =COUNTIF('Test Scenario'!B:B,A10) | F10: =COUNTIF('Test Case'!C:C,A10)
A11: REK | B11: Rekening Zakat | C11: /rekening | D11: cypress/e2e/rekening.cy.ts | E11: =COUNTIF('Test Scenario'!B:B,A11) | F11: =COUNTIF('Test Case'!C:C,A11)
A12: EDU | B12: Konten Edukasi ZIS | C12: /zakat, /infak, /sedekah, /fidyah, /zakatfitrah, /zakatmal, dst. | D12: cypress/e2e/edukasi-zis.cy.ts | E12: =COUNTIF('Test Scenario'!B:B,A12) | F12: =COUNTIF('Test Case'!C:C,A12)
A13: NEWS | B13: Berita & Publikasi | C13: /news-all, /berita-pendistribusian, /artikel-all, /berkah-zakat-all, /video-all | D13: cypress/e2e/berita.cy.ts | E13: =COUNTIF('Test Scenario'!B:B,A13) | F13: =COUNTIF('Test Case'!C:C,A13)
... A23: PERF | B23: Performa Dasar | C23: Waktu muat halaman utama | D23: cypress/e2e/performance.cy.ts | E23: =COUNTIF('Test Scenario'!B:B,A23) | F23: =COUNTIF('Test Case'!C:C,A23)

Sheet Test Scenario
A1: Scenario ID | B1: Kode Modul | C1: Modul | D1: Test Scenario | E1: Jenis Pengujian | F1: Prioritas | G1: Jml Test Case
A2: TS-HOME-01 | B2: HOME | C2: Homepage | D2: Memastikan homepage dapat diakses dan elemen utama tampil | E2: Functional / Smoke | F2: P1 | G2: =COUNTIF('Test Case'!B:B,A2)
A3: TS-HOME-02 | B3: HOME | C3: Homepage | D3: Memastikan kartu Zakat, Infak, Sedekah, Fidyah berfungsi | E3: Functional | F3: P1 | G3: =COUNTIF('Test Case'!B:B,A3)
A4: TS-HOME-03 | B4: HOME | C4: Homepage | D4: Memastikan banner/slider dan section berita di homepage berfungsi | E4: Functional / UI | F4: P2 | G4: =COUNTIF('Test Case'!B:B,A4)
A5: TS-NAV-01 | B5: NAV | C5: Header & Menu Navigasi | D5: Memastikan menu hamburger dapat dibuka/ditutup | E5: Functional / Smoke | F5: P1 | G5: =COUNTIF('Test Case'!B:B,A5)
A6: TS-NAV-02 | B6: NAV | C6: Header & Menu Navigasi | D6: Memastikan setiap item & sub-menu mengarah ke halaman yang benar | E6: Functional | F6: P1 | G6: =COUNTIF('Test Case'!B:B,A6)
A7: TS-BNAV-01 | B7: BNAV | C7: Bottom Navigation (Quick Menu) | D7: Memastikan quick menu bawah tampil & mengarah ke tujuan yang benar | E7: Functional / Smoke | F7: P1 | G7: =COUNTIF('Test Case'!B:B,A7)
A8: TS-FTR-01 | B8: FTR | C8: Footer | D8: Memastikan link footer & media sosial valid | E8: Functional | F8: P2 | G8: =COUNTIF('Test Case'!B:B,A8)
A9: TS-I18N-01 | B9: I18N | C9: Multi-bahasa | D9: Memastikan pergantian bahasa ID / EN / AR berfungsi | E9: Functional / UI | F9: P2 | G9: =COUNTIF('Test Case'!B:B,A9)
A10: TS-CALC-01 | B10: CALC | C10: Kalkulator Zakat | D10: Menghitung zakat penghasilan sesuai nisab & tarif 2,5% | E10: Functional / Business Logic | F10: P1 | G10: =COUNTIF('Test Case'!B:B,A10)
A11: TS-CALC-02 | B11: CALC | C11: Kalkulator Zakat | D11: Validasi input kalkulator (kosong, non-angka, nol, negatif) | E11: Negative | F11: P1 | G11: =COUNTIF('Test Case'!B:B,A11)
A12: TS-CALC-03 | B12: CALC | C12: Kalkulator Zakat | D12: Fungsi tombol Reset, Hitung, Bayar Zakat dan Sedekah | E12: Functional | F12: P1 | G12: =COUNTIF('Test Case'!B:B,A12)
A13: TS-CALC-04 | B13: CALC | C13: Kalkulator Zakat | D13: Kalkulator jenis Perusahaan, Perdagangan dan Emas | E13: Functional / Business Logic | F13: P2 | G13: =COUNTIF('Test Case'!B:B,A13)
... A35: TS-PERF-01 | B35: PERF | C35: Performa Dasar | D35: Waktu muat halaman utama dalam batas wajar | E35: Non-functional | F35: P3 | G35: =COUNTIF('Test Case'!B:B,A35)

Sheet Test Case
A1: TC ID | B1: Scenario ID | C1: Modul | D1: Judul Test Case | E1: Pre-condition | F1: Langkah Pengujian | G1: Test Data | H1: Tipe | I1: Prioritas | J1: Tag | K1: Automation | L1: Expected Result | M1: Status | N1: Catatan | O1: Spec File | P1: Fase Otomasi
A2: TC-HOME-001 | B2: TS-HOME-01 | C2: HOME | D2: Homepage berhasil dimuat | E2: Browser terbuka, koneksi internet aktif | F2: 1. Buka https://baznas.go.id/ | G2: - | H2: Positive | I2: P1 | J2: @smoke | K2: Automated | L2: Status HTTP 200, halaman tampil tanpa error, title mengandung 'BAZNAS' | M2: Not Run | O2: cypress/e2e/home.cy.ts | P2: Fase 1
A3: TC-HOME-002 | B3: TS-HOME-01 | C3: HOME | D3: Logo BAZNAS tampil dan mengarah ke beranda | E3: Browser terbuka, koneksi internet aktif | F3: 1. Buka halaman mana pun (mis. /zakat) 2. Klik logo BAZNAS di header | G3: - | H3: Positive | I3: P1 | J3: @smoke | K3: Automated | L3: Logo tampil (gambar ter-load, naturalWidth > 0); klik logo membuka https://baznas.go.id/ | M3: Not Run | O3: cypress/e2e/home.cy.ts | P3: Fase 1
A4: TC-HOME-003 | B4: TS-HOME-01 | C4: HOME | D4: Tidak ada error JavaScript saat homepage dimuat | E4: Browser terbuka, koneksi internet aktif | F4: 1. Buka homepage 2. Pantau uncaught exception di console | G4: - | H4: Positive | I4: P2 | J4: @regression | K4: Automated | L4: Tidak ada uncaught exception yang menggagalkan render halaman | M4: Not Run | N4: Gunakan Cypress.on('uncaught:exception') untuk mencatat | O4: cypress/e2e/home.cy.ts | P4: Fase 2
A5: TC-HOME-004 | B5: TS-HOME-02 | C5: HOME | D5: Kartu Zakat, Infak, Sedekah, Fidyah tampil | E5: Browser terbuka, koneksi internet aktif | F5: 1. Buka homepage 2. Scroll ke section kartu ZIS | G5: - | H5: Positive | I5: P1 | J5: @smoke | K5: Automated | L5: 4 kartu tampil, masing-masing berisi ikon, judul dan ringkasan definisi | M5: Not Run | O5: cypress/e2e/home.cy.ts | P5: Fase 1
A6: TC-HOME-005 | B6: TS-HOME-02 | C6: HOME | D6: Tombol 'Selengkapnya' di setiap kartu mengarah ke halaman yang benar | E6: Browser terbuka, koneksi internet aktif | F6: 1. Buka homepage 2. Klik 'Selengkapnya' pada kartu Zakat / Infak / Sedekah / Fidyah | G6: Zakat -> /zakat Infak -> /infak Sedekah -> /sedekah Fidyah -> /fidyah | H6: Positive | I6: P1 | J6: @regression | K6: Automated | L6: Setiap tombol membuka URL sesuai dengan status 200 dan judul halaman sesuai | M6: Not Run | N6: Data-driven dari fixture | O6: cypress/e2e/home.cy.ts | P6: Fase 1
A7: TC-HOME-006 | B7: TS-HOME-03 | C7: HOME | D7: Banner/slider utama tampil dan dapat berganti | E7: Browser terbuka, koneksi internet aktif | F7: 1. Buka homepage 2. Amati banner utama beberapa detik / klik navigasi slider | G7: - | H7: Positive | I7: P2 | J7: @regression | K7: Partial | L7: Banner tampil, gambar ter-load, slide berganti tanpa error | M7: Not Run | N7: Konten banner dinamis; asersi pada keberadaan & gambar ter-load, bukan isi | O7: cypress/e2e/home.cy.ts | P7: Fase 2
A8: TC-HOME-007 | B8: TS-HOME-03 | C8: HOME | D8: Section 'Berita Program' menampilkan daftar berita terbaru | E8: Browser terbuka, koneksi internet aktif | F8: 1. Buka homepage 2. Scroll ke section 'Berita Program' | G8: - | H8: Positive | I8: P2 | J8: @regression | K8: Automated | L8: Minimal 1 berita tampil dengan judul, tanggal (dd/mm/yyyy) dan penulis | M8: Not Run | O8: cypress/e2e/home.cy.ts | P8: Fase 2
A9: TC-HOME-008 | B9: TS-HOME-03 | C9: HOME | D9: Tombol 'Load more' di section berita mengarah ke halaman daftar | E9: Browser terbuka, koneksi internet aktif | F9: 1. Buka homepage 2. Klik 'Load more' pada masing-masing section | G9: Berita -> /news-all Pendistribusian -> /berita-pendistribusian Berkah Zakat -> /berkah-zakat-all Video -> /video-all | H9: Positive | I9: P2 | J9: @regression | K9: Automated | L9: Setiap tombol membuka halaman daftar yang sesuai (status 200) | M9: Not Run | O9: cypress/e2e/home.cy.ts | P9: Fase 2
A10: TC-HOME-009 | B10: TS-HOME-03 | C10: HOME | D10: Klik salah satu berita di homepage membuka detail berita | E10: Browser terbuka, koneksi internet aktif | F10: 1. Buka homepage 2. Klik judul berita pertama | G10: - | H10: Positive | I10: P2 | J10: @regression | K10: Automated | L10: Halaman detail terbuka, judul pada detail sama dengan judul di kartu (abaikan '...' terpotong) | M10: Not Run | O10: cypress/e2e/home.cy.ts | P10: Fase 2
A11: TC-NAV-001 | B11: TS-NAV-01 | C11: NAV | D11: Menu hamburger dapat dibuka dan ditutup | E11: Browser terbuka, koneksi internet aktif | F11: 1. Buka homepage 2. Klik ikon hamburger 3. Klik ikon lagi / area luar | G11: - | H11: Positive | I11: P1 | J11: @smoke | K11: Automated | L11: Menu samping tampil berisi: Beranda, Tentang BAZNAS, Profil Program, Panduan Brand, Zakat, Layanan, Kabar, Laporan, PPID, Pustaka, BAZNAS Daerah, Jaringan; menu tertutup kembali | M11: Not Run | O11: cypress/e2e/navigation.cy.ts | P11: Fase 1
A12: TC-NAV-002 | B12: TS-NAV-01 | C12: NAV | D12: Sub-menu dapat di-expand | E12: Browser terbuka, koneksi internet aktif | F12: 1. Buka menu hamburger 2. Klik item yang memiliki panah (Tentang BAZNAS, Zakat, Layanan, Kabar, Laporan, dll.) | G12: - | H12: Positive | I12: P1 | J12: @regression | K12: Automated | L12: Sub-menu terbuka dan menampilkan item turunan | M12: Not Run | O12: cypress/e2e/navigation.cy.ts | P12: Fase 1
A13: TC-NAV-003 | B13: TS-NAV-02 | C13: NAV | D13: Sub-menu Tentang BAZNAS mengarah ke halaman benar | E13: Menu hamburger terbuka | F13: 1. Expand 'Tentang BAZNAS' 2. Klik setiap sub-menu | G13: Profil -> /baznas-profile Struktur -> /struktur-baznas Penghargaan -> /penghargaan Mitra -> /mitra-baznas Pemberitahuan -> /pemberitahuan Karir -> /karir | H13: Positive | I13: P1 | J13: @regression | K13: Automated | L13: Setiap halaman terbuka dengan status 200 dan heading sesuai | M13: Not Run | N13: Data-driven | O13: cypress/e2e/navigation.cy.ts | P13: Fase 1
A14: TC-NAV-004 | B14: TS-NAV-02 | C14: NAV | D14: Sub-menu Zakat mengarah ke halaman benar | E14: Menu hamburger terbuka | F14: 1. Expand 'Zakat' 2. Klik setiap sub-menu | G14: Zakat Fitrah, Zakat Mal, Penghasilan, Perusahaan, Perdagangan, Emas, Saham | H14: Positive | I14: P1 | J14: @regression | K14: Automated | L14: Setiap halaman terbuka dengan status 200 | M14: Not Run | N14: Data-driven | O14: cypress/e2e/navigation.cy.ts | P14: Fase 1
A15: TC-NAV-005 | B15: TS-NAV-02 | C15: NAV | D15: Sub-menu Layanan mengarah ke halaman benar | E15: Menu hamburger terbuka | F15: 1. Expand 'Layanan' 2. Klik setiap sub-menu | G15: UPZ, Zakat Karyawan, Register Label Taat Zakat, Konfirmasi ZIS, Kurban Online, Kalkulator Zakat, Layanan Pembayaran, Jemput Zakat, Layanan Rekomendasi | H15: Positive | I15: P1 | J15: @regression | K15: Automated | L15: Setiap halaman terbuka (status 200); link eksternal (bazn.as, ppid) merespons 2xx/3xx | M15: Not Run | O15: cypress/e2e/navigation.cy.ts | P15: Fase 1
A16: TC-NAV-006 | B16: TS-NAV-02 | C16: NAV | D16: Sub-menu Profil Program, Kabar, Laporan, Jaringan mengarah ke halaman benar | E16: Menu hamburger terbuka | F16: 1. Expand setiap menu 2. Klik setiap sub-menu | G16: Lihat fixture menu.json | H16: Positive | I16: P2 | J16: @regression | K16: Automated | L16: Setiap halaman terbuka dengan status 200 | M16: Not Run | O16: cypress/e2e/navigation.cy.ts | P16: Fase 2
A17: TC-BNAV-001 | B17: TS-BNAV-01 | C17: BNAV | D17: Quick menu bawah tampil di semua halaman utama | E17: Browser terbuka, koneksi internet aktif | F17: 1. Buka homepage, /zakat, /kalkulatorzakat 2. Periksa bar bawah | G17: - | H17: Positive | I17: P1 | J17: @smoke | K17: Automated | L17: 5 item tampil: PPID, Layanan Mustahik, Bayar Zakat, Konfirmasi Zakat, Transfer Zakat | M17: Not Run | O17: cypress/e2e/bottom-nav.cy.ts | P17: Fase 1
A18: TC-BNAV-002 | B18: TS-BNAV-01 | C18: BNAV | D18: Tombol 'Bayar Zakat' membuka form pembayaran | E18: Browser terbuka, koneksi internet aktif | F18: 1. Klik tombol 'Bayar Zakat' (ikon tengah) | G18: - | H18: Positive | I18: P1 | J18: @smoke | K18: Automated | L18: Diarahkan ke /bayarzakat (redirect ke bayarzakat.baznas.go.id) dan form tampil | M18: Not Run | N18: Cross-origin: gunakan cy.origin() | O18: cypress/e2e/bottom-nav.cy.ts | P18: Fase 1
A19: TC-BNAV-003 | B19: TS-BNAV-01 | C19: BNAV | D19: Item PPID, Layanan Mustahik, Konfirmasi, Transfer mengarah ke tujuan benar | E19: Browser terbuka, koneksi internet aktif | F19: 1. Periksa href setiap item 2. Request setiap URL | G19: PPID -> ppid.baznas.go.id Layanan Mustahik -> bazn.as/LayananMustahik Konfirmasi -> /konfirmasi-zis Transfer -> /rekening | H19: Positive | I19: P1 | J19: @regression | K19: Automated | L19: href sesuai dan URL merespons 2xx/3xx | M19: Not Run | O19: cypress/e2e/bottom-nav.cy.ts | P19: Fase 1
A20: TC-FTR-001 | B20: TS-FTR-01 | C20: FTR | D20: Link Kebijakan Privasi, Syarat & Ketentuan, FAQ berfungsi | E20: Browser terbuka, koneksi internet aktif | F20: 1. Scroll ke footer 2. Klik masing-masing link | G20: /kebijakan-privasi, /syarat-ketentuan, /faq-baznas | H20: Positive | I20: P2 | J20: @regression | K20: Automated | L20: Halaman terbuka (status 200) dan berisi konten | M20: Not Run | O20: cypress/e2e/footer.cy.ts | P20: Fase 2
A21: TC-FTR-002 | B21: TS-FTR-01 | C21: FTR | D21: Ikon media sosial mengarah ke akun resmi BAZNAS | E21: Browser terbuka, koneksi internet aktif | F21: 1. Scroll ke footer 2. Periksa href ikon sosial media | G21: Facebook, Instagram, X/Twitter, LinkedIn, YouTube, TikTok | H21: Positive | I21: P2 | J21: @regression | K21: Automated | L21: href mengarah ke akun resmi dan memiliki target='_blank' | M21: Not Run | N21: Cek href saja, tidak membuka situs pihak ketiga | O21: cypress/e2e/footer.cy.ts | P21: Fase 2
A22: TC-FTR-003 | B22: TS-FTR-01 | C22: FTR | D22: Teks copyright menampilkan tahun berjalan | E22: Browser terbuka, koneksi internet aktif | F22: 1. Scroll ke footer | G22: - | H22: Positive | I22: P3 | J22: @regression | K22: Automated | L22: Teks 'Copyright © {tahun berjalan} BAZNAS' tampil | M22: Not Run | O22: cypress/e2e/footer.cy.ts | P22: Fase 2
A23: TC-I18N-001 | B23: TS-I18N-01 | C23: I18N | D23: Dropdown bahasa berisi 3 pilihan | E23: Browser terbuka, koneksi internet aktif | F23: 1. Buka homepage 2. Periksa dropdown bahasa | G23: - | H23: Positive | I23: P2 | J23: @regression | K23: Automated | L23: Opsi: Indonesia (default terpilih), English, العربية | M23: Not Run | O23: cypress/e2e/i18n.cy.ts | P23: Fase 2
A24: TC-I18N-002 | B24: TS-I18N-01 | C24: I18N | D24: Ganti bahasa ke English | E24: Browser terbuka, koneksi internet aktif | F24: 1. Pilih 'English' pada dropdown bahasa 2. Tunggu halaman diterjemahkan | G24: - | H24: Positive | I24: P2 | J24: @regression | K24: Partial | L24: Konten utama berubah ke Bahasa Inggris (mis. 'Selengkapnya' -> 'Read more'), pilihan bahasa tetap 'English' | M24: Not Run | N24: Lihat temuan F-06; menggunakan Google Translate widget | O24: cypress/e2e/i18n.cy.ts | P24: Fase 2
A25: TC-I18N-003 | B25: TS-I18N-01 | C25: I18N | D25: Ganti bahasa ke Arab dan cek arah teks | E25: Browser terbuka, koneksi internet aktif | F25: 1. Pilih 'العربية' | G25: - | H25: Positive | I25: P3 | J25: @regression | K25: Partial | L25: Konten diterjemahkan ke Bahasa Arab; layout tidak rusak (idealnya dir='rtl') | M25: Not Run | O25: cypress/e2e/i18n.cy.ts | P25: Fase 2
A26: TC-I18N-004 | B26: TS-I18N-01 | C26: I18N | D26: Pilihan bahasa tetap saat pindah halaman | E26: Bahasa diset ke English | F26: 1. Klik menu menuju /zakat | G26: - | H26: Positive | I26: P3 | J26: @regression | K26: Partial | L26: Halaman /zakat tetap tampil dalam Bahasa Inggris | M26: Not Run | O26: cypress/e2e/i18n.cy.ts | P26: Fase 2
A27: TC-CALC-001 | B27: TS-CALC-01 | C27: CALC | D27: Nilai nisab tampil sesuai ketetapan | E27: Buka /kalkulatorzakat | F27: 1. Pilih Jenis Zakat PENGHASILAN 2. Periksa field Nisab per tahun & per bulan | G27: - | H27: Positive | I27: P1 | J27: @smoke | K27: Automated | L27: Nisab per tahun = Rp 91.681.728; Nisab per bulan = Rp 7.640.114; field read-only; keterangan 'Sesuai SK Ketua BAZNAS No. 15 tahun 2026' tampil | M27: Not Run | N27: Nilai nisab disimpan di fixture agar mudah diperbarui saat SK berubah | O27: cypress/e2e/kalkulator-zakat.cy.ts | P27: Fase 1
A28: TC-CALC-002 | B28: TS-CALC-01 | C28: CALC | D28: Jumlah penghasilan = gaji + penghasilan lain | E28: Buka https://baznas.go.id/kalkulatorzakat, Jenis Zakat = PENGHASILAN | F28: 1. Isi Gaji per bulan 2. Isi Penghasilan lain-lain | G28: Gaji = 8.000.000 Lain-lain = 2.000.000 | H28: Positive | I28: P1 | J28: @regression | K28: Automated | L28: Jumlah penghasilan per bulan = 10.000.000 (format ribuan dengan titik) | M28: Not Run | O28: cypress/e2e/kalkulator-zakat.cy.ts | P28: Fase 1
A29: TC-CALC-003 | B29: TS-CALC-01 | C29: CALC | D29: Penghasilan di atas nisab menghasilkan zakat 2,5% | E29: Buka https://baznas.go.id/kalkulatorzakat, Jenis Zakat = PENGHASILAN | F29: 1. Isi Gaji 2. Klik 'Hitung Zakat' | G29: Gaji = 10.000.000 Lain-lain = 0 | H29: Positive | I29: P1 | J29: @smoke | K29: Automated | L29: Jumlah Wajib Zakat = Rp 250.000; tombol 'Bayar Zakat' tampil | M29: Not Run | N29: Terverifikasi saat eksplorasi | O29: cypress/e2e/kalkulator-zakat.cy.ts | P29: Fase 1
A30: TC-CALC-004 | B30: TS-CALC-01 | C30: CALC | D30: Penghasilan di bawah nisab tidak wajib zakat | E30: Buka https://baznas.go.id/kalkulatorzakat, Jenis Zakat = PENGHASILAN | F30: 1. Isi Gaji 2. Klik 'Hitung Zakat' | G30: Gaji = 5.000.000 | H30: Positive | I30: P1 | J30: @regression | K30: Automated | L30: Muncul pesan 'Penghasilan Anda belum mencapai Nisab, KLIK untuk sedekah' dan tombol 'Sedekah'; zakat = 0 | M30: Not Run | N30: Terverifikasi saat eksplorasi | O30: cypress/e2e/kalkulator-zakat.cy.ts | P30: Fase 1
A31: TC-CALC-005 | B31: TS-CALC-01 | C31: CALC | D31: Boundary: penghasilan tepat sama dengan nisab | E31: Buka https://baznas.go.id/kalkulatorzakat, Jenis Zakat = PENGHASILAN | F31: 1. Isi Gaji = nisab per bulan 2. Klik 'Hitung Zakat' | G31: Gaji = 7.640.114 | H31: Boundary | I31: P1 | J31: @regression | K31: Automated | L31: Dinyatakan wajib zakat; zakat = 2,5% x 7.640.114 = 191.002,85 dibulatkan ke atas = Rp 191.003 | M31: Not Run | N31: Pembulatan ke atas (Math.ceil) sesuai kode kalkulator | O31: cypress/e2e/kalkulator-zakat.cy.ts | P31: Fase 1
A32: TC-CALC-006 | B32: TS-CALC-01 | C32: CALC | D32: Boundary: penghasilan 1 rupiah di bawah nisab | E32: Buka https://baznas.go.id/kalkulatorzakat, Jenis Zakat = PENGHASILAN | F32: 1. Isi Gaji = nisab per bulan - 1 2. Klik 'Hitung Zakat' | G32: Gaji = 7.640.113 | H32: Boundary | I32: P1 | J32: @regression | K32: Automated | L32: Pesan belum mencapai nisab tampil | M32: Not Run | O32: cypress/e2e/kalkulator-zakat.cy.ts | P32: Fase 1
A33: TC-CALC-007 | B33: TS-CALC-01 | C33: CALC | D33: Gabungan gaji + lain-lain melewati nisab | E33: Buka https://baznas.go.id/kalkulatorzakat, Jenis Zakat = PENGHASILAN | F33: 1. Isi Gaji & Lain-lain 2. Klik 'Hitung Zakat' | G33: Gaji = 6.000.000 Lain-lain = 2.000.000 | H33: Positive | I33: P1 | J33: @regression | K33: Automated | L33: Jumlah 8.000.000; zakat = Rp 200.000 | M33: Not Run | O33: cypress/e2e/kalkulator-zakat.cy.ts | P33: Fase 1
A34: TC-CALC-008 | B34: TS-CALC-01 | C34: CALC | D34: Nominal besar diformat dan dihitung dengan benar | E34: Buka https://baznas.go.id/kalkulatorzakat, Jenis Zakat = PENGHASILAN | F34: 1. Isi Gaji nominal besar 2. Klik 'Hitung Zakat' | G34: Gaji = 1.000.000.000 | H34: Boundary | I34: P2 | J34: @regression | K34: Automated | L34: Zakat = Rp 25.000.000, format ribuan benar, tidak ada notasi eksponen | M34: Not Run | O34: cypress/e2e/kalkulator-zakat.cy.ts | P34: Fase 2
A35: TC-CALC-009 | B35: TS-CALC-02 | C35: CALC | D35: Input huruf ditolak | E35: Buka https://baznas.go.id/kalkulatorzakat, Jenis Zakat = PENGHASILAN | F35: 1. Ketik huruf pada field Gaji | G35: Gaji = 'abc' | H35: Negative | I35: P1 | J35: @regression | K35: Automated | L35: Field tidak menerima huruf (tetap kosong/angka saja) | M35: Not Run | N35: Terverifikasi: huruf tidak diterima | O35: cypress/e2e/kalkulator-zakat.cy.ts | P35: Fase 1
A36: TC-CALC-010 | B36: TS-CALC-02 | C36: CALC | D36: Input karakter spesial & minus ditolak | E36: Buka https://baznas.go.id/kalkulatorzakat, Jenis Zakat = PENGHASILAN | F36: 1. Ketik karakter spesial pada field Gaji | G36: '-5000000', '1,5', '@#$' | H36: Negative | I36: P2 | J36: @regression | K36: Automated | L36: Hanya digit yang diterima; tidak ada nilai negatif | M36: Not Run | O36: cypress/e2e/kalkulator-zakat.cy.ts | P36: Fase 2
A37: TC-CALC-011 | B37: TS-CALC-02 | C37: CALC | D37: Hitung dengan field kosong / nol | E37: Buka https://baznas.go.id/kalkulatorzakat, Jenis Zakat = PENGHASILAN | F37: 1. Kosongkan Gaji & Lain-lain 2. Klik 'Hitung Zakat' | G37: Gaji = 0 | H37: Negative | I37: P2 | J37: @regression | K37: Automated | L37: Tidak ada error JS; tampil pesan belum mencapai nisab atau validasi wajib isi | M37: Not Run | O37: cypress/e2e/kalkulator-zakat.cy.ts | P37: Fase 2
A38: TC-CALC-012 | B38: TS-CALC-02 | C38: CALC | D38: Field hasil tidak dapat diedit pengguna | E38: Buka https://baznas.go.id/kalkulatorzakat, Jenis Zakat = PENGHASILAN | F38: 1. Coba ketik pada field Nisab & Jumlah Wajib Zakat | G38: - | H38: Negative | I38: P2 | J38: @regression | K38: Automated | L38: Field nisab read-only; field hasil zakat tidak bisa diubah manual | M38: Not Run | O38: cypress/e2e/kalkulator-zakat.cy.ts | P38: Fase 2
A39: TC-CALC-013 | B39: TS-CALC-03 | C39: CALC | D39: Tombol Reset mengosongkan semua input & hasil | E39: Buka https://baznas.go.id/kalkulatorzakat, Jenis Zakat = PENGHASILAN | F39: 1. Isi Gaji 10.000.000, klik Hitung 2. Klik 'Reset' | G39: - | H39: Positive | I39: P1 | J39: @regression | K39: Automated | L39: Semua input & hasil kembali 0; tombol kembali 'Hitung Zakat'; pesan nisab hilang | M39: Not Run | O39: cypress/e2e/kalkulator-zakat.cy.ts | P39: Fase 1
A40: TC-CALC-014 | B40: TS-CALC-03 | C40: CALC | D40: Hasil diperbarui saat input diubah setelah Hitung | E40: Buka https://baznas.go.id/kalkulatorzakat, Jenis Zakat = PENGHASILAN | F40: 1. Isi Gaji 10.000.000, klik Hitung (zakat 250.000) 2. Ubah Gaji jadi 5.000.000 | G40: - | H40: Negative | I40: P1 | J40: @regression @known-bug | K40: Automated | L40: Hasil zakat ikut diperbarui / di-reset, ATAU tombol kembali menjadi 'Hitung Zakat'. Nominal lama tidak boleh dibawa ke pembayaran | M40: Not Run | N40: @known-bug – temuan F-01 (hasil lama tetap 250.000) | O40: cypress/e2e/kalkulator-zakat.cy.ts | P40: Fase 1
A41: TC-CALC-015 | B41: TS-CALC-03 | C41: CALC | D41: Tombol 'Bayar Zakat' setelah hitung membawa ke form pembayaran | E41: Buka https://baznas.go.id/kalkulatorzakat, Jenis Zakat = PENGHASILAN | F41: 1. Isi Gaji 10.000.000, klik Hitung 2. Klik 'Bayar Zakat' | G41: - | H41: Positive | I41: P1 | J41: @regression | K41: Automated | L41: Diarahkan ke form bayar zakat (bayarzakat.baznas.go.id); jenis dana Zakat Penghasilan & nominal 250.000 terisi | M41: Not Run | N41: Diotomasi sebagai 015a (redirect) & 015b (nominal terbawa, @known-bug – temuan F-12) | O41: cypress/e2e/kalkulator-zakat.cy.ts | P41: Fase 1
A42: TC-CALC-016 | B42: TS-CALC-03 | C42: CALC | D42: Tombol 'Sedekah' saat di bawah nisab membawa ke form sedekah | E42: Buka https://baznas.go.id/kalkulatorzakat, Jenis Zakat = PENGHASILAN | F42: 1. Isi Gaji 5.000.000, klik Hitung 2. Klik 'Sedekah' | G42: - | H42: Positive | I42: P2 | J42: @regression | K42: Automated | L42: Diarahkan ke form pembayaran dengan jenis dana Sedekah | M42: Not Run | O42: cypress/e2e/kalkulator-zakat.cy.ts | P42: Fase 2
A43: TC-CALC-017 | B43: TS-CALC-04 | C43: CALC | D43: Dropdown Jenis Zakat berisi 4 jenis | E43: Buka /kalkulatorzakat | F43: 1. Buka dropdown Jenis Zakat | G43: - | H43: Positive | I43: P2 | J43: @regression | K43: Automated | L43: Opsi: PENGHASILAN, PERUSAHAAN, PERDAGANGAN, EMAS; form berganti sesuai pilihan | M43: Not Run | O43: cypress/e2e/kalkulator-zakat.cy.ts | P43: Fase 2
A44: TC-CALC-018 | B44: TS-CALC-04 | C44: CALC | D44: Kalkulator zakat perusahaan | E44: Jenis Zakat = PERUSAHAAN | F44: 1. Isi Pendapatan sebelum pajak / Aktiva & Pasiva lancar 2. Klik Hitung | G44: Pendapatan = 1.000.000.000 | H44: Positive | I44: P2 | J44: @regression | K44: Automated | L44: Zakat = 2,5% dari dasar perhitungan sesuai rumus yang ditampilkan | M44: Not Run | N44: Rumus dikonfirmasi ke tim bisnis | O44: cypress/e2e/kalkulator-zakat.cy.ts | P44: Fase 2
A45: TC-CALC-019 | B45: TS-CALC-04 | C45: CALC | D45: Kalkulator zakat perdagangan | E45: Jenis Zakat = PERDAGANGAN | F45: 1. Isi aset lancar, laba, dll. 2. Klik Hitung | G45: Sesuai fixture | H45: Positive | I45: P2 | J45: @regression | K45: Automated | L45: Zakat dihitung 2,5% jika jumlah aset >= nisab | M45: Not Run | O45: cypress/e2e/kalkulator-zakat.cy.ts | P45: Fase 2
A46: TC-CALC-020 | B46: TS-CALC-04 | C46: CALC | D46: Kalkulator zakat emas | E46: Jenis Zakat = EMAS | F46: 1. Isi jumlah emas (gram) & harga emas per gram 2. Klik Hitung | G46: Emas = 100 gram Harga = 1.000.000/gram | H46: Positive | I46: P2 | J46: @regression | K46: Automated | L46: Wajib zakat bila >= 85 gram; zakat = 2,5% x nilai emas = Rp 2.500.000 | M46: Not Run | O46: cypress/e2e/kalkulator-zakat.cy.ts | P46: Fase 2
A47: TC-CALC-021 | B47: TS-CALC-04 | C47: CALC | D47: Zakat emas di bawah 85 gram | E47: Jenis Zakat = EMAS | F47: 1. Isi emas 50 gram 2. Klik Hitung | G47: Emas = 50 gram | H47: Boundary | I47: P2 | J47: @regression | K47: Automated | L47: Dinyatakan belum mencapai nisab | M47: Not Run | O47: cypress/e2e/kalkulator-zakat.cy.ts | P47: Fase 2
A48: TC-PAY-001 | B48: TS-PAY-01 | C48: PAY | D48: Form bayar zakat dapat diakses | E48: Browser terbuka, koneksi internet aktif | F48: 1. Buka /bayarzakat | G48: - | H48: Positive | I48: P1 | J48: @smoke | K48: Automated | L48: Redirect ke https://bayarzakat.baznas.go.id/bayarzakat; heading 'TUNAIKAN ZAKAT, INFAK, DAN SEDEKAH ANDA DENGAN AMAN DAN MUDAH' tampil; tab 'Isi Formulir' aktif | M48: Not Run | N48: cy.origin() | O48: cypress/e2e/bayar-zakat.cy.ts | P48: Fase 1
A49: TC-PAY-002 | B49: TS-PAY-01 | C49: PAY | D49: Dropdown Jenis Dana berisi 4 pilihan | E49: Buka https://baznas.go.id/bayarzakat (redirect ke bayarzakat.baznas.go.id) | F49: 1. Buka dropdown 'Pilih Jenis Dana' | G49: - | H49: Positive | I49: P1 | J49: @regression | K49: Automated | L49: Opsi: Zakat (default), Infak, Sedekah, Fidyah | M49: Not Run | O49: cypress/e2e/bayar-zakat.cy.ts | P49: Fase 1
A50: TC-PAY-003 | B50: TS-PAY-01 | C50: PAY | D50: Sub-jenis Zakat sesuai | E50: Buka https://baznas.go.id/bayarzakat (redirect ke bayarzakat.baznas.go.id) | F50: 1. Pilih Jenis Dana = Zakat 2. Buka dropdown sub-jenis | G50: - | H50: Positive | I50: P1 | J50: @regression | K50: Automated | L50: 10 opsi Zakat Mal: Pendapatan dan Jasa, Zakat Mal, Emas/Perak/Logam Mulia, Uang & Surat Berharga, Perniagaan, Pertanian/Perkebunan/Kehutanan, Peternakan/Perikanan, Pertambangan, Perindustrian, Rikaz | M50: Not Run | O50: cypress/e2e/bayar-zakat.cy.ts | P50: Fase 1
A51: TC-PAY-004 | B51: TS-PAY-01 | C51: PAY | D51: Sub-jenis Infak sesuai | E51: Buka https://baznas.go.id/bayarzakat (redirect ke bayarzakat.baznas.go.id) | F51: 1. Pilih Jenis Dana = Infak | G51: - | H51: Positive | I51: P2 | J51: @regression | K51: Automated | L51: Opsi sub-jenis infak tampil (12 opsi pada saat eksplorasi) | M51: Not Run | N51: Lihat temuan F-04 | O51: cypress/e2e/bayar-zakat.cy.ts | P51: Fase 2
A52: TC-PAY-005 | B52: TS-PAY-01 | C52: PAY | D52: Sub-jenis Sedekah sesuai | E52: Buka https://baznas.go.id/bayarzakat (redirect ke bayarzakat.baznas.go.id) | F52: 1. Pilih Jenis Dana = Sedekah | G52: - | H52: Positive | I52: P2 | J52: @regression | K52: Automated | L52: Sub-jenis 'Sedekah BAZNAS' tampil | M52: Not Run | O52: cypress/e2e/bayar-zakat.cy.ts | P52: Fase 2
A53: TC-PAY-006 | B53: TS-PAY-01 | C53: PAY | D53: Nominal tidak terbawa saat berganti jenis dana | E53: Buka https://baznas.go.id/bayarzakat (redirect ke bayarzakat.baznas.go.id) | F53: 1. Pilih Fidyah (nominal 65.000 otomatis) 2. Ganti ke Infak | G53: - | H53: Negative | I53: P2 | J53: @regression | K53: Automated | L53: Field nominal di-reset/kosong dan dapat diedit kembali | M53: Not Run | N53: Lihat temuan F-05 | O53: cypress/e2e/bayar-zakat.cy.ts | P53: Fase 2
A54: TC-PAY-007 | B54: TS-PAY-02 | C54: PAY | D54: Fidyah 1 hari = Rp 65.000 | E54: Buka https://baznas.go.id/bayarzakat (redirect ke bayarzakat.baznas.go.id) | F54: 1. Pilih Jenis Dana = Fidyah 2. Jumlah Hari = 1 | G54: Hari = 1 | H54: Positive | I54: P1 | J54: @regression | K54: Automated | L54: Nominal otomatis Rp 65.000 dan read-only | M54: Not Run | N54: Tarif fidyah disimpan di fixture | O54: cypress/e2e/bayar-zakat.cy.ts | P54: Fase 1
A55: TC-PAY-008 | B55: TS-PAY-02 | C55: PAY | D55: Fidyah dihitung berdasarkan jumlah hari | E55: Buka https://baznas.go.id/bayarzakat (redirect ke bayarzakat.baznas.go.id) | F55: 1. Pilih Fidyah 2. Jumlah Hari = 5, lalu 30 | G55: Hari = 5 / 30 | H55: Positive | I55: P1 | J55: @regression | K55: Automated | L55: Nominal = 325.000 / 1.950.000 | M55: Not Run | O55: cypress/e2e/bayar-zakat.cy.ts | P55: Fase 1
A56: TC-PAY-009 | B56: TS-PAY-02 | C56: PAY | D56: Pilihan jumlah hari fidyah 1–30 | E56: Buka https://baznas.go.id/bayarzakat (redirect ke bayarzakat.baznas.go.id) | F56: 1. Pilih Fidyah 2. Buka dropdown Jumlah Hari | G56: - | H56: Boundary | I56: P2 | J56: @regression | K56: Automated | L56: Opsi 1 sampai 30 | M56: Not Run | O56: cypress/e2e/bayar-zakat.cy.ts | P56: Fase 2
A57: TC-PAY-010 | B57: TS-PAY-03 | C57: PAY | D57: Field data muzaki tampil | E57: Buka https://baznas.go.id/bayarzakat (redirect ke bayarzakat.baznas.go.id) | F57: 1. Scroll ke 'Silahkan lengkapi data di bawah ini' | G57: - | H57: Positive | I57: P1 | J57: @regression | K57: Automated | L57: Field: sapaan (Bapak/Ibu), Nama Lengkap, Nomor Handphone, Email, checkbox pernyataan; daftar metode pembayaran | M57: Not Run | O57: cypress/e2e/bayar-zakat.cy.ts | P57: Fase 1
A58: TC-PAY-011 | B58: TS-PAY-03 | C58: PAY | D58: Nominal kosong tidak bisa diproses | E58: Buka https://baznas.go.id/bayarzakat (redirect ke bayarzakat.baznas.go.id) | F58: 1. Kosongkan nominal 2. Isi data muzaki valid 3. Pilih metode pembayaran (request di-intercept) | G58: Nominal = '' | H58: Negative | I58: P1 | J58: @regression | K58: Automated | L58: Pesan 'Mohon Masukkan Nominal Donasi' tampil; tetap di formulir; tidak ada request data muzaki yang terkirim | M58: Not Run | N58: cy.intercept memblokir endpoint transaksi | O58: cypress/e2e/bayar-zakat.cy.ts | P58: Fase 1
A59: TC-PAY-012 | B59: TS-PAY-03 | C59: PAY | D59: Nama lengkap wajib diisi | E59: Buka https://baznas.go.id/bayarzakat (redirect ke bayarzakat.baznas.go.id) | F59: 1. Isi nominal 50.000 2. Kosongkan nama 3. Pilih metode (di-intercept) | G59: Nama = '' | H59: Negative | I59: P1 | J59: @regression @known-bug | K59: Automated | L59: Pesan 'Mohon Masukkan Nama' tampil; tidak lanjut ke metode pembayaran | M59: Not Run | N59: @known-bug – temuan F-14 | O59: cypress/e2e/bayar-zakat.cy.ts | P59: Fase 1
A60: TC-PAY-013 | B60: TS-PAY-03 | C60: PAY | D60: Format email tidak valid ditolak | E60: Buka https://baznas.go.id/bayarzakat (redirect ke bayarzakat.baznas.go.id) | F60: 1. Isi email tidak valid 2. Pilih metode (di-intercept) | G60: Email = 'test@', 'test.com' | H60: Negative | I60: P1 | J60: @regression @known-bug | K60: Automated | L60: Pesan 'Mohon Masukkan Email yang valid...' tampil; tidak lanjut ke metode pembayaran | M60: Not Run | N60: @known-bug – temuan F-14 | O60: cypress/e2e/bayar-zakat.cy.ts | P60: Fase 1
A61: TC-PAY-014 | B61: TS-PAY-03 | C61: PAY | D61: Nomor HP tidak valid ditolak | E61: Buka https://baznas.go.id/bayarzakat (redirect ke bayarzakat.baznas.go.id) | F61: 1. Isi nomor HP tidak valid 2. Pilih metode (di-intercept) | G61: HP = 'abc', '123' | H61: Negative | I61: P1 | J61: @regression @known-bug | K61: Automated | L61: Validasi nomor HP (minimal 8 digit) tampil; tidak lanjut ke metode pembayaran | M61: Not Run | N61: @known-bug – temuan F-14 | O61: cypress/e2e/bayar-zakat.cy.ts | P61: Fase 1
A62: TC-PAY-015 | B62: TS-PAY-03 | C62: PAY | D62: Nominal minimum / nol ditolak | E62: Buka https://baznas.go.id/bayarzakat (redirect ke bayarzakat.baznas.go.id) | F62: 1. Isi nominal 0 2. Pilih metode (di-intercept) | G62: Nominal = 0 | H62: Boundary | I62: P2 | J62: @regression | K62: Automated | L62: Validasi nominal minimum tampil | M62: Not Run | O62: cypress/e2e/bayar-zakat.cy.ts | P62: Fase 2
A63: TC-PAY-016 | B63: TS-PAY-03 | C63: PAY | D63: Checkbox pernyataan muzaki | E63: Buka https://baznas.go.id/bayarzakat (redirect ke bayarzakat.baznas.go.id) | F63: 1. Periksa teks pernyataan & checkbox | G63: - | H63: Positive | I63: P2 | J63: @regression | K63: Automated | L63: Teks pernyataan sumber dana halal & persetujuan menerima BSZ tampil | M63: Not Run | O63: cypress/e2e/bayar-zakat.cy.ts | P63: Fase 2
A64: TC-PAY-017 | B64: TS-PAY-04 | C64: PAY | D64: Daftar metode pembayaran lengkap | E64: Buka https://baznas.go.id/bayarzakat (redirect ke bayarzakat.baznas.go.id) | F64: 1. Scroll ke 'Pilih Pembayaran' | G64: - | H64: Positive | I64: P1 | J64: @regression | K64: Automated | L64: 20 metode tampil, mis. BSI, BCA, Mandiri, BNI, BRI, CIMB, Muamalat, Permata, QRIS, Blu, GoPay, ShopeePay, OVO, DANA, Jenius, LinkAja, Indomaret, Kartu Kredit, PayPal | M64: Not Run | N64: Daftar disimpan di fixture | O64: cypress/e2e/bayar-zakat.cy.ts | P64: Fase 1
A65: TC-PAY-018 | B65: TS-PAY-04 | C65: PAY | D65: Logo metode pembayaran ter-load | E65: Buka https://baznas.go.id/bayarzakat (redirect ke bayarzakat.baznas.go.id) | F65: 1. Periksa setiap gambar logo metode | G65: - | H65: Positive | I65: P3 | J65: @regression | K65: Automated | L65: Semua logo ter-load (naturalWidth > 0) | M65: Not Run | O65: cypress/e2e/bayar-zakat.cy.ts | P65: Fase 2
A66: TC-PAY-019 | B66: TS-PAY-05 | C66: PAY | D66: Tab Kalkulator di halaman bayar zakat | E66: Buka https://baznas.go.id/bayarzakat (redirect ke bayarzakat.baznas.go.id) | F66: 1. Klik tab 'Kalkulator' 2. Isi pendapatan 10.000.000, klik Hitung | G66: Pendapatan = 10.000.000 | H66: Positive | I66: P2 | J66: @regression | K66: Automated | L66: Kalkulator tampil; hasil zakat 250.000; tombol 'Bayar' tampil | M66: Not Run | O66: cypress/e2e/bayar-zakat.cy.ts | P66: Fase 2
A67: TC-PAY-020 | B67: TS-PAY-05 | C67: PAY | D67: Tab Kalkulator - Zakat Maal | E67: Buka https://baznas.go.id/bayarzakat (redirect ke bayarzakat.baznas.go.id) | F67: 1. Klik tab 'Kalkulator' 2. Isi emas/perak, tabungan, kendaraan, hutang 3. Klik Hitung | G67: Sesuai fixture | H67: Positive | I67: P2 | J67: @regression | K67: Automated | L67: Zakat maal dihitung 2,5% x (harta - hutang) bila >= nisab | M67: Not Run | N67: Rumus dikonfirmasi ke tim bisnis | O67: cypress/e2e/bayar-zakat.cy.ts | P67: Fase 2
A68: TC-JMP-001 | B68: TS-JMP-01 | C68: JMP | D68: Form jemput zakat tampil lengkap | E68: Browser terbuka, koneksi internet aktif | F68: 1. Buka /form-jemput-zakat | G68: - | H68: Positive | I68: P2 | J68: @regression | K68: Automated | L68: Field tampil: Nama*, NPWZ, No. HP*, Email*, Tanggal*, Jam*, Jenis Pembayaran*, Metode Pembayaran*, Nominal*, Keterangan, Alamat*, Captcha*; info wilayah Jabodetabek & minimal Rp1.000.000 tampil | M68: Not Run | O68: cypress/e2e/jemput-zakat.cy.ts | P68: Fase 2
A69: TC-JMP-002 | B69: TS-JMP-01 | C69: JMP | D69: Opsi Jenis & Metode Pembayaran sesuai | E69: Buka https://baznas.go.id/form-jemput-zakat | F69: 1. Buka dropdown Jenis Pembayaran & Metode | G69: - | H69: Positive | I69: P2 | J69: @regression | K69: Automated | L69: Jenis: Zakat Mal, Zakat Fitrah, Zakat Penghasilan, Infaq/Sedekah, Fidyah, Kurban. Metode: Uang, Barang | M69: Not Run | O69: cypress/e2e/jemput-zakat.cy.ts | P69: Fase 2
A70: TC-JMP-003 | B70: TS-JMP-01 | C70: JMP | D70: Captcha tampil dan dapat di-refresh | E70: Buka https://baznas.go.id/form-jemput-zakat | F70: 1. Periksa gambar captcha 2. Klik 'klik di sini untuk refresh' | G70: - | H70: Positive | I70: P2 | J70: @regression | K70: Automated | L70: Gambar captcha tampil dan berganti setelah refresh | M70: Not Run | N70: Captcha tidak diselesaikan otomatis | O70: cypress/e2e/jemput-zakat.cy.ts | P70: Fase 2
A71: TC-JMP-004 | B71: TS-JMP-02 | C71: JMP | D71: Submit form kosong menampilkan validasi | E71: Buka https://baznas.go.id/form-jemput-zakat | F71: 1. Klik 'Kirim' tanpa mengisi (request di-intercept) | G71: - | H71: Negative | I71: P1 | J71: @regression | K71: Automated | L71: Semua field bertanda * berstatus invalid (valueMissing); form tidak terkirim | M71: Not Run | N71: Verifikasi captcha di-stub; endpoint submit diblokir | O71: cypress/e2e/jemput-zakat.cy.ts | P71: Fase 1
A72: TC-JMP-005 | B72: TS-JMP-02 | C72: JMP | D72: Format email tidak valid ditolak | E72: Buka https://baznas.go.id/form-jemput-zakat | F72: 1. Isi email tidak valid 2. Klik Kirim (di-intercept) | G72: Email = 'abc@' | H72: Negative | I72: P1 | J72: @regression | K72: Automated | L72: Validasi format email tampil | M72: Not Run | O72: cypress/e2e/jemput-zakat.cy.ts | P72: Fase 1
A73: TC-JMP-006 | B73: TS-JMP-02 | C73: JMP | D73: Nomor HP berisi huruf ditolak | E73: Buka https://baznas.go.id/form-jemput-zakat | F73: 1. Isi No. HP dengan huruf 2. Klik Kirim (di-intercept) | G73: HP = 'abcdef' | H73: Negative | I73: P2 | J73: @regression | K73: Automated | L73: Validasi nomor HP tampil | M73: Not Run | N73: Tidak ada atribut pattern pada field HP | O73: cypress/e2e/jemput-zakat.cy.ts | P73: Fase 2
A74: TC-JMP-007 | B74: TS-JMP-02 | C74: JMP | D74: Nominal di bawah minimum Rp1.000.000 | E74: Buka https://baznas.go.id/form-jemput-zakat | F74: 1. Isi nominal 500.000 2. Klik Kirim (di-intercept) | G74: Nominal = 500.000 | H74: Boundary | I74: P1 | J74: @regression @known-bug | K74: Automated | L74: Validasi minimal Rp1.000.000 tampil | M74: Not Run | N74: @known-bug – temuan F-15 | O74: cypress/e2e/jemput-zakat.cy.ts | P74: Fase 1
A75: TC-JMP-008 | B75: TS-JMP-02 | C75: JMP | D75: Tanggal penjemputan di masa lalu | E75: Buka https://baznas.go.id/form-jemput-zakat | F75: 1. Pilih tanggal kemarin 2. Klik Kirim (di-intercept) | G75: Tanggal = H-1 | H75: Negative | I75: P2 | J75: @regression | K75: Automated | L75: Tanggal lampau tidak dapat dipilih / ditolak | M75: Not Run | N75: Lihat temuan F-09 | O75: cypress/e2e/jemput-zakat.cy.ts | P75: Fase 2
A76: TC-KONF-001 | B76: TS-KONF-01 | C76: KONF | D76: Halaman konfirmasi ZIS tampil | E76: Browser terbuka, koneksi internet aktif | F76: 1. Buka /konfirmasi-zis | G76: - | H76: Positive | I76: P2 | J76: @regression | K76: Automated | L76: Heading informasi untuk muzaki & tombol 'Konfirmasi Sekarang' tampil | M76: Not Run | N76: Lihat temuan F-02 (typo heading) | O76: cypress/e2e/konfirmasi-zis.cy.ts | P76: Fase 2
A77: TC-KONF-002 | B77: TS-KONF-01 | C77: KONF | D77: Tombol 'Konfirmasi Sekarang' mengarah ke form konfirmasi | E77: Browser terbuka, koneksi internet aktif | F77: 1. Buka /konfirmasi-zis 2. Periksa href tombol & request URL | G77: - | H77: Positive | I77: P2 | J77: @regression | K77: Automated | L77: href = https://bazn.as/konfirmasi dan URL merespons 2xx/3xx | M77: Not Run | O77: cypress/e2e/konfirmasi-zis.cy.ts | P77: Fase 2
A78: TC-REK-001 | B78: TS-REK-01 | C78: REK | D78: Halaman rekening dapat diakses | E78: Browser terbuka, koneksi internet aktif | F78: 1. Buka /rekening | G78: - | H78: Positive | I78: P1 | J78: @smoke | K78: Automated | L78: Status 200; title 'Rekening Zakat BAZNAS' | M78: Not Run | O78: cypress/e2e/rekening.cy.ts | P78: Fase 1
A79: TC-REK-002 | B79: TS-REK-01 | C79: REK | D79: Daftar rekening bank tampil lengkap | E79: Browser terbuka, koneksi internet aktif | F79: 1. Buka /rekening 2. Periksa daftar rekening | G79: - | H79: Positive | I79: P1 | J79: @regression | K79: Automated | L79: Setiap entri menampilkan nama bank, nomor rekening dan atas nama BAZNAS; tidak ada entri kosong | M79: Not Run | N79: Snapshot nomor rekening di fixture untuk mendeteksi perubahan tak terduga | O79: cypress/e2e/rekening.cy.ts | P79: Fase 1
A80: TC-EDU-001 | B80: TS-EDU-01 | C80: EDU | D80: Halaman edukasi ZIS dapat diakses | E80: Browser terbuka, koneksi internet aktif | F80: 1. Request setiap URL edukasi | G80: /zakat, /infak, /sedekah, /fidyah, /zakatfitrah, /zakatmal, /zakatpenghasilan, /zakatperusahaan, /zakatperdagangan, /zakatemas, /zakatsaham | H80: Positive | I80: P2 | J80: @regression | K80: Automated | L80: Semua status 200 dan memiliki heading & konten teks | M80: Not Run | N80: Data-driven | O80: cypress/e2e/edukasi-zis.cy.ts | P80: Fase 2
A81: TC-EDU-002 | B81: TS-EDU-01 | C81: EDU | D81: Tombol ajakan bayar di halaman edukasi berfungsi | E81: Browser terbuka, koneksi internet aktif | F81: 1. Buka /zakat 2. Klik tombol bayar/tunaikan | G81: - | H81: Positive | I81: P2 | J81: @regression | K81: Automated | L81: Diarahkan ke form bayar zakat | M81: Not Run | O81: cypress/e2e/edukasi-zis.cy.ts | P81: Fase 2
A82: TC-EDU-003 | B82: TS-EDU-01 | C82: EDU | D82: Video tertanam di halaman edukasi ter-load | E82: Browser terbuka, koneksi internet aktif | F82: 1. Buka /zakat & /zakatfitrah | G82: - | H82: Positive | I82: P3 | J82: @regression | K82: Automated | L82: iframe video tampil dengan src valid | M82: Not Run | O82: cypress/e2e/edukasi-zis.cy.ts | P82: Fase 2
A83: TC-NEWS-001 | B83: TS-NEWS-01 | C83: NEWS | D83: Halaman daftar berita tampil | E83: Browser terbuka, koneksi internet aktif | F83: 1. Buka /news-all | G83: - | H83: Positive | I83: P2 | J83: @regression | K83: Automated | L83: Daftar berita tampil dengan judul, gambar, tanggal | M83: Not Run | O83: cypress/e2e/berita.cy.ts | P83: Fase 2
A84: TC-NEWS-002 | B84: TS-NEWS-01 | C84: NEWS | D84: Pagination berita berfungsi | E84: Browser terbuka, koneksi internet aktif | F84: 1. Buka /news-all 2. Klik halaman 2 | G84: - | H84: Positive | I84: P2 | J84: @regression | K84: Automated | L84: URL berubah ke halaman 2; daftar berita berbeda dari halaman 1 | M84: Not Run | O84: cypress/e2e/berita.cy.ts | P84: Fase 2
A85: TC-NEWS-003 | B85: TS-NEWS-01 | C85: NEWS | D85: Detail berita menampilkan konten lengkap | E85: Browser terbuka, koneksi internet aktif | F85: 1. Buka /news-all 2. Klik berita pertama | G85: - | H85: Positive | I85: P2 | J85: @regression | K85: Automated | L85: Judul, tanggal, penulis, gambar dan isi tampil; gambar ter-load | M85: Not Run | O85: cypress/e2e/berita.cy.ts | P85: Fase 2
A86: TC-NEWS-004 | B86: TS-NEWS-01 | C86: NEWS | D86: Daftar berita per program | E86: Browser terbuka, koneksi internet aktif | F86: 1. Request /berita/program-* (7 program) | G86: Lihat fixture | H86: Positive | I86: P3 | J86: @regression | K86: Automated | L86: Semua halaman status 200 dan berisi daftar berita | M86: Not Run | O86: cypress/e2e/berita.cy.ts | P86: Fase 2
A87: TC-NEWS-005 | B87: TS-NEWS-02 | C87: NEWS | D87: Halaman video, artikel, newsletter, berkah zakat tampil | E87: Browser terbuka, koneksi internet aktif | F87: 1. Buka masing-masing halaman | G87: /video-all, /artikel-all, /newsletter-all, /berkah-zakat-all | H87: Positive | I87: P3 | J87: @regression | K87: Automated | L87: Status 200; daftar konten tampil; embed video ter-load | M87: Not Run | O87: cypress/e2e/berita.cy.ts | P87: Fase 2
A88: TC-LAP-001 | B88: TS-LAP-01 | C88: LAP | D88: Halaman laporan keuangan menampilkan dokumen | E88: Browser terbuka, koneksi internet aktif | F88: 1. Buka /keuangan | G88: - | H88: Positive | I88: P2 | J88: @regression | K88: Automated | L88: Daftar dokumen laporan (PDF) tampil | M88: Not Run | O88: cypress/e2e/laporan.cy.ts | P88: Fase 2
A89: TC-LAP-002 | B89: TS-LAP-01 | C89: LAP | D89: Semua link PDF laporan dapat diakses | E89: Browser terbuka, koneksi internet aktif | F89: 1. Kumpulkan href PDF di /keuangan, /laporan-zakat-nasional, /upz 2. Request setiap URL (HEAD) | G89: - | H89: Positive | I89: P2 | J89: @regression | K89: Automated | L89: Setiap file merespons 200 dengan content-type application/pdf | M89: Not Run | N89: Tidak mengunduh file, hanya cek respons | O89: cypress/e2e/laporan.cy.ts | P89: Fase 2
A90: TC-LAP-003 | B90: TS-LAP-01 | C90: LAP | D90: Halaman pustaka tampil | E90: Browser terbuka, koneksi internet aktif | F90: 1. Buka /pustaka | G90: - | H90: Positive | I90: P3 | J90: @regression | K90: Automated | L90: Status 200 dan konten tampil | M90: Not Run | O90: cypress/e2e/laporan.cy.ts | P90: Fase 2
A91: TC-PROF-001 | B91: TS-PROF-01 | C91: PROF | D91: Halaman profil lembaga dapat diakses | E91: Browser terbuka, koneksi internet aktif | F91: 1. Request setiap URL | G91: /baznas-profile, /struktur-baznas, /penghargaan, /mitra-baznas, /pemberitahuan, /karir, /brand | H91: Positive | I91: P2 | J91: @regression | K91: Automated | L91: Status 200 dan memiliki heading | M91: Not Run | N91: Data-driven | O91: cypress/e2e/profil.cy.ts | P91: Fase 2
A92: TC-PROF-002 | B92: TS-PROF-01 | C92: PROF | D92: Halaman kontak menampilkan alamat & peta | E92: Browser terbuka, koneksi internet aktif | F92: 1. Buka /kontak-baznas | G92: - | H92: Positive | I92: P2 | J92: @regression | K92: Automated | L92: Informasi kontak tampil; iframe peta ter-load | M92: Not Run | O92: cypress/e2e/profil.cy.ts | P92: Fase 2
A93: TC-PROF-003 | B93: TS-PROF-01 | C93: PROF | D93: FAQ dapat dibuka/ditutup | E93: Browser terbuka, koneksi internet aktif | F93: 1. Buka /faq-baznas 2. Klik salah satu pertanyaan | G93: - | H93: Positive | I93: P2 | J93: @regression | K93: Automated | L93: Jawaban tampil saat diklik dan tersembunyi saat diklik ulang | M93: Not Run | O93: cypress/e2e/profil.cy.ts | P93: Fase 2
A94: TC-PROF-004 | B94: TS-PROF-01 | C94: PROF | D94: Daftar BAZNAS daerah & lembaga jaringan tampil | E94: Browser terbuka, koneksi internet aktif | F94: 1. Buka /baznas-daerah, /lembaga-amil-zakat, /lembaga-islam, /lembaga-pendidikan | G94: - | H94: Positive | I94: P3 | J94: @regression | K94: Automated | L94: Status 200 dan daftar entri tampil | M94: Not Run | O94: cypress/e2e/profil.cy.ts | P94: Fase 2
A95: TC-PROG-001 | B95: TS-PROG-01 | C95: PROG | D95: Halaman program BAZNAS dapat diakses | E95: Browser terbuka, koneksi internet aktif | F95: 1. Request setiap URL program | G95: /program/kemanusiaan, /kesehatan, /pendidikan-dakwah, /kebencanaan, /ekonomi-pedesaan, /ekonomi-perkotaan, /optimasi-produk | H95: Positive | I95: P2 | J95: @regression | K95: Automated | L95: Semua status 200 dan berisi konten program | M95: Not Run | N95: Data-driven | O95: cypress/e2e/program.cy.ts | P95: Fase 2
A96: TC-NWSL-001 | B96: TS-NWSL-01 | C96: NWSL | D96: Email kosong tidak dapat di-subscribe | E96: Browser terbuka, koneksi internet aktif | F96: 1. Scroll ke form 'Dapatkan Update Berita' 2. Klik subscribe tanpa isi email (di-intercept) | G96: Email = '' | H96: Negative | I96: P3 | J96: @regression | K96: Automated | L96: Validasi wajib isi tampil | M96: Not Run | N96: Tidak mengirim email asli | O96: cypress/e2e/newsletter.cy.ts | P96: Fase 2
A97: TC-NWSL-002 | B97: TS-NWSL-01 | C97: NWSL | D97: Format email tidak valid ditolak | E97: Browser terbuka, koneksi internet aktif | F97: 1. Isi email tidak valid 2. Klik subscribe (di-intercept) | G97: Email = 'abc' | H97: Negative | I97: P3 | J97: @regression | K97: Automated | L97: Validasi format email tampil | M97: Not Run | O97: cypress/e2e/newsletter.cy.ts | P97: Fase 2
A98: TC-ERR-001 | B98: TS-ERR-01 | C98: ERR | D98: URL tidak dikenal menampilkan halaman 404 | E98: Browser terbuka, koneksi internet aktif | F98: 1. Buka /halaman-tidak-ada-xyz | G98: - | H98: Negative | I98: P2 | J98: @regression | K98: Automated | L98: Status 404; tampil halaman 404 yang informatif dengan link kembali ke beranda | M98: Not Run | N98: Lihat temuan F-11 (title kosong) | O98: cypress/e2e/error-page.cy.ts | P98: Fase 2
A99: TC-RESP-001 | B99: TS-RESP-01 | C99: RESP | D99: Homepage di viewport mobile | E99: Browser terbuka, koneksi internet aktif | F99: 1. Set viewport iphone-x (375x812) 2. Buka homepage | G99: - | H99: Positive | I99: P2 | J99: @regression | K99: Automated | L99: Tidak ada horizontal scroll; menu hamburger & bottom nav berfungsi | M99: Not Run | O99: cypress/e2e/responsive.cy.ts | P99: Fase 2
A100: TC-RESP-002 | B100: TS-RESP-01 | C100: RESP | D100: Homepage di viewport tablet | E100: Browser terbuka, koneksi internet aktif | F100: 1. Set viewport ipad-2 (768x1024) 2. Buka homepage | G100: - | H100: Positive | I100: P2 | J100: @regression | K100: Automated | L100: Layout rapi, kartu ZIS tersusun benar | M100: Not Run | O100: cypress/e2e/responsive.cy.ts | P100: Fase 2
...

Sheet Temuan Eksplorasi
A1: ID | B1: Modul | C1: Halaman | D1: Observasi | E1: Seharusnya | F1: Severity | G1: Kategori | H1: Status Verifikasi | I1: Catatan
A2: F-01 | B2: Kalkulator Zakat | C2: /kalkulatorzakat | D2: Setelah klik 'Hitung Zakat' (gaji 10.000.000 -> zakat 250.000), tombol berubah menjadi 'Bayar Zakat'. Saat gaji diubah ke 5.000.000, hasil tetap 250.000 dan tidak dihitung ulang. | E2: Hasil diperbarui atau tombol kembali ke 'Hitung Zakat' saat input berubah. | F2: Medium | G2: Fungsional | H2: Terkonfirmasi saat eksplorasi | I2: TC terkait: Hasil diperbarui saat input diubah setelah Hitung
A3: F-02 | B3: Konfirmasi ZIS | C3: /konfirmasi-zis | D3: Heading halaman tertulis 'INFOMASI UNTUK MUZAKI' (kurang huruf R). | E3: 'INFORMASI UNTUK MUZAKI' | F3: Low | G3: Konten / Typo | H3: Terkonfirmasi
A4: F-03 | B4: Form Jemput Zakat | C4: /form-jemput-zakat | D4: Title halaman 'Tentang Zakat, Jenis Zakat dan Asnaf Penerima Zakat' (sama dengan /zakat). | E4: Title sesuai halaman, mis. 'Form Jemput Zakat | BAZNAS' | F4: Low | G4: SEO | H4: Terkonfirmasi
A5: F-04 | B5: Form Bayar Zakat | C5: bayarzakat.baznas.go.id | D5: Jenis Dana 'Infak' menampilkan sub-jenis berlabel 'Sedekah ...' (Sedekah Palestina, Sedekah Dunia Islam, dll.). | E5: Perlu konfirmasi ke tim bisnis apakah pengelompokan ini sesuai. | F5: Low | G5: Konten | H5: Perlu konfirmasi
A6: F-05 | B6: Form Bayar Zakat | C6: bayarzakat.baznas.go.id | D6: Nominal Rp 65.000 hasil pilihan Fidyah tetap terisi setelah Jenis Dana diganti ke Infak/Sedekah. | E6: Nominal di-reset saat jenis dana berganti. | F6: Low | G6: Fungsional | H6: Terkonfirmasi (perlu cek ulang apakah field kembali editable)
A7: F-06 | B7: Multi-bahasa | C7: Semua halaman | D7: Memilih 'English' pada dropdown bahasa tidak mengubah konten; dropdown kembali ke 'Indonesia'. | E7: Konten diterjemahkan ke Bahasa Inggris. | F7: Medium | G7: Fungsional | H7: Perlu verifikasi ulang di browser lain (menggunakan Google Translate widget)
A8: F-07 | B8: Bottom Navigation | C8: Semua halaman | D8: Label quick menu tertulis 'Layanan Mustahk'. | E8: 'Layanan Mustahik' | F8: Low | G8: Konten / Typo | H8: Terkonfirmasi
A9: F-08 | B9: Homepage | C9: / | D9: Banner 'Sedekah Ramadhan untuk Palestina' masih tampil di slider pada bulan Oktober. | E9: Konten musiman diperbarui sesuai periode. | F9: Low | G9: Konten | H9: Observasi
A10: F-09 | B10: Form Jemput Zakat | C10: /form-jemput-zakat | D10: Field tanggal penjemputan tidak memiliki batas minimum (atribut min), sehingga tanggal lampau berpotensi dapat dipilih. | E10: Tanggal lampau tidak dapat dipilih / ditolak. | F10: Low | G10: Validasi | H10: Perlu verifikasi (validasi JS saat submit belum diuji)
A11: F-10 | B11: Program | C11: /program/kesehatan | D11: Title halaman 'Programkesehatan | BAZNAS' (tanpa spasi, slug mentah). | E11: 'Program Kesehatan | BAZNAS' | F11: Low | G11: SEO | H11: Terkonfirmasi | I11: Kemungkinan berlaku untuk seluruh /program/*
A12: F-11 | B12: Error Handling | C12: /halaman-tidak-ada-xyz | D12: Halaman 404 tidak memiliki title. | E12: Title informatif, mis. 'Halaman Tidak Ditemukan | BAZNAS' | F12: Low | G12: SEO / UX | H12: Terkonfirmasi
A13: F-12 | B13: Kalkulator Zakat -> Bayar Zakat | C13: /kalkulatorzakat | D13: Tombol 'Bayar Zakat' setelah hitung mengarah ke /bayarzakat?jenis=profesi&...&jumlah=250.000, tetapi parameter hilang saat redirect ke bayarzakat.baznas.go.id: sub-jenis kembali 'Zakat Mal' dan nominal kosong. | E13: Jenis dana & nominal hasil kalkulator terisi otomatis di form pembayaran. | F13: Medium | G13: Fungsional | H13: Terkonfirmasi | I13: TC-CALC-015b (@known-bug)
A14: F-13 | B14: Form Bayar Zakat | C14: bayarzakat.baznas.go.id | D14: Pesan validasi email tertulis '...untuk engiriman bukti bayar' (kurang huruf p). | E14: '...untuk pengiriman bukti bayar' | F14: Low | G14: Konten / Typo | H14: Terkonfirmasi (dari konfigurasi validasi halaman)
A15: F-14 | B15: Form Bayar Zakat | C15: bayarzakat.baznas.go.id | D15: Dengan nominal terisi dan nama, HP, email kosong, klik 'Pilih Pembayaran' langsung lanjut ke halaman Metode Pembayaran dan memanggil endpoint data muzaki. Aturan validasi (nama, HP min. 8 digit, email) ada di halaman tetapi tidak dijalankan pada langkah ini. | E15: Pesan validasi tampil dan tidak lanjut sebelum data muzaki valid. | F15: Medium | G15: Validasi | H15: Terkonfirmasi untuk field kosong (request ke server diblokir saat eksplorasi) | I15: TC-PAY-012..014 (@known-bug)
A16: F-15 | B16: Form Jemput Zakat | C16: /form-jemput-zakat | D16: Tidak ditemukan validasi nominal minimum Rp1.000.000 di sisi klien (tanpa atribut min/pattern; handler submit hanya memeriksa captcha). | E16: Nominal di bawah Rp1.000.000 ditolak sebelum dikirim. | F16: Low | G16: Validasi | H16: Perlu konfirmasi validasi di sisi server | I16: TC-JMP-007 (@known-bug)
A17: F-16 | B17: Kalkulator Zakat | C17: /kalkulatorzakat | D17: Field 'Jumlah penghasilan per bulan' dapat diedit manual, padahal merupakan hasil penjumlahan otomatis. | E17: Field hasil penjumlahan bersifat read-only. | F17: Low | G17: Fungsional / UX | H17: Terkonfirmasi
